"1 - UInt32","2 - UInt32","3 - String","4 - Int32","5 - Int32","6 - Int32","7 - Int32","8 - Int32","9 - Byte","10 - Byte","11 - Byte","12 - Byte","13 - Byte","14 - Byte","15 - Int32","16 - Int32","17 - Int32","18 - Int32","19 - Int32","20 - Int32"
"12200001","12200","펄션을 펄션(2)로","41001000","10020310","0","0","100","1","0","0","0","0","100","10020312","10020312","10020312","10020312","10020312","10020312"
"12200002","12200","시미터를 시미터(2)로","41002000","10020410","0","0","100","1","0","0","0","0","100","10020412","10020412","10020412","10020412","10020412","10020412"
"12200003","12200","철광석과 청동석을 방패로","41002000","41001000","0","0","100","1","0","0","0","0","100","10070250","10070250","10070250","10070250","10070250","10070250"
"12200004","12200","펄션을 펄션(2)로","41001000","10020310","0","0","100","1","0","0","0","0","100","10020312","10020312","10020312","10020312","10020312","10020312"
"12200005","12200","시미터를 시미터(2)로","41002000","10020410","0","0","100","1","0","0","0","0","100","10020412","10020412","10020412","10020412","10020412","10020412"
"12200006","12200","철광석과 청동석을 방패로","41002000","41001000","0","0","100","1","0","0","0","0","100","10070250","10070250","10070250","10070250","10070250","10070250"
"12200007","12200","펄션을 펄션(2)로","41001000","10020310","0","0","100","1","0","0","0","0","100","10020312","10020312","10020312","10020312","10020312","10020312"
"12200008","12200","시미터를 시미터(2)로","41002000","10020410","0","0","100","1","0","0","0","0","100","10020412","10020412","10020412","10020412","10020412","10020412"
"12200009","12200","철광석과 청동석을 방패로","41002000","41001000","0","0","100","1","0","0","0","0","100","10070250","10070250","10070250","10070250","10070250","10070250"
"12200010","12200","펄션을 펄션(2)로","41001000","10020310","0","0","100","1","0","0","0","0","100","10020312","10020312","10020312","10020312","10020312","10020312"
"12200011","12200","시미터를 시미터(2)로","41002000","10020410","0","0","100","1","0","0","0","0","100","10020412","10020412","10020412","10020412","10020412","10020412"
"12200012","12200","철광석과 청동석을 방패로","41002000","41001000","0","0","100","1","0","0","0","0","100","10070250","10070250","10070250","10070250","10070250","10070250"
"12200013","12200","펄션을 펄션(2)로","41001000","10020310","0","0","100","1","0","0","0","0","100","10020312","10020312","10020312","10020312","10020312","10020312"
"12200014","12200","시미터를 시미터(2)로","41002000","10020410","0","0","100","1","0","0","0","0","100","10020412","10020412","10020412","10020412","10020412","10020412"
"12200015","12200","철광석과 청동석을 방패로","41002000","41001000","0","0","100","1","0","0","0","0","100","10070250","10070250","10070250","10070250","10070250","10070250"
"12200016","12200","펄션을 펄션(2)로","41001000","10020310","0","0","100","1","0","0","0","0","100","10020312","10020312","10020312","10020312","10020312","10020312"
"12200017","12200","시미터를 시미터(2)로","41002000","10020410","0","0","100","1","0","0","0","0","100","10020412","10020412","10020412","10020412","10020412","10020412"
"12200018","12200","철광석과 청동석을 방패로","41002000","41001000","0","0","100","1","0","0","0","0","100","10070250","10070250","10070250","10070250","10070250","10070250"
"12200019","12200","펄션을 펄션(2)로","41001000","10020310","0","0","100","1","0","0","0","0","100","10020312","10020312","10020312","10020312","10020312","10020312"
"12200020","12200","시미터를 시미터(2)로","41002000","10020410","0","0","100","1","0","0","0","0","100","10020412","10020412","10020412","10020412","10020412","10020412"
"12200021","12200","철광석과 청동석을 방패로","41002000","41001000","0","0","100","1","0","0","0","0","100","10070250","10070250","10070250","10070250","10070250","10070250"
"12200022","12200","펄션을 펄션(2)로","41001000","10020310","0","0","100","1","0","0","0","0","100","10020312","10020312","10020312","10020312","10020312","10020312"
"12200023","12200","시미터를 시미터(2)로","41002000","10020410","0","0","100","1","0","0","0","0","100","10020412","10020412","10020412","10020412","10020412","10020412"
"12200024","12200","철광석과 청동석을 방패로","41002000","41001000","0","0","100","1","0","0","0","0","100","10070250","10070250","10070250","10070250","10070250","10070250"
"12200025","12200","펄션을 펄션(2)로","41001000","10020310","0","0","100","1","0","0","0","0","100","10020312","10020312","10020312","10020312","10020312","10020312"
"12200026","12200","시미터를 시미터(2)로","41002000","10020410","0","0","100","1","0","0","0","0","100","10020412","10020412","10020412","10020412","10020412","10020412"
"12200027","12200","철광석과 청동석을 방패로","41002000","41001000","0","0","100","1","0","0","0","0","100","10070250","10070250","10070250","10070250","10070250","10070250"
"12200028","12200","펄션을 펄션(2)로","41001000","10020310","0","0","100","1","0","0","0","0","100","10020312","10020312","10020312","10020312","10020312","10020312"
"12200029","12200","시미터를 시미터(2)로","41002000","10020410","0","0","100","1","0","0","0","0","100","10020412","10020412","10020412","10020412","10020412","10020412"
"12200030","12200","철광석과 청동석을 방패로","41002000","41001000","0","0","100","1","0","0","0","0","100","10070250","10070250","10070250","10070250","10070250","10070250"
"12200031","12200","펄션을 펄션(2)로","41001000","10020310","0","0","100","1","0","0","0","0","100","10020312","10020312","10020312","10020312","10020312","10020312"
"12200032","12200","시미터를 시미터(2)로","41002000","10020410","0","0","100","1","0","0","0","0","100","10020412","10020412","10020412","10020412","10020412","10020412"
"12200033","12200","철광석과 청동석을 방패로","41002000","41001000","0","0","100","1","0","0","0","0","100","10070250","10070250","10070250","10070250","10070250","10070250"
"12200034","12200","펄션을 펄션(2)로","41001000","10020310","0","0","100","1","0","0","0","0","100","10020312","10020312","10020312","10020312","10020312","10020312"
"12200035","12200","시미터를 시미터(2)로","41002000","10020410","0","0","100","1","0","0","0","0","100","10020412","10020412","10020412","10020412","10020412","10020412"
"12200036","12200","철광석과 청동석을 방패로","41002000","41001000","0","0","100","1","0","0","0","0","100","10070250","10070250","10070250","10070250","10070250","10070250"
"12200037","12200","펄션을 펄션(2)로","41001000","10020310","0","0","100","1","0","0","0","0","100","10020312","10020312","10020312","10020312","10020312","10020312"
"12200038","12200","시미터를 시미터(2)로","41002000","10020410","0","0","100","1","0","0","0","0","100","10020412","10020412","10020412","10020412","10020412","10020412"
"12200039","12200","철광석과 청동석을 방패로","41002000","41001000","0","0","100","1","0","0","0","0","100","10070250","10070250","10070250","10070250","10070250","10070250"
"12200040","12200","펄션을 펄션(2)로","41001000","10020310","0","0","100","1","0","0","0","0","100","10020312","10020312","10020312","10020312","10020312","10020312"
"12200041","12200","시미터를 시미터(2)로","41002000","10020410","0","0","100","1","0","0","0","0","100","10020412","10020412","10020412","10020412","10020412","10020412"
"12200042","12200","철광석과 청동석을 방패로","41002000","41001000","0","0","100","1","0","0","0","0","100","10070250","10070250","10070250","10070250","10070250","10070250"
"12200043","12200","펄션을 펄션(2)로","41001000","10020310","0","0","100","1","0","0","0","0","100","10020312","10020312","10020312","10020312","10020312","10020312"
"12200044","12200","시미터를 시미터(2)로","41002000","10020410","0","0","100","1","0","0","0","0","100","10020412","10020412","10020412","10020412","10020412","10020412"
"12200045","12200","철광석과 청동석을 방패로","41002000","41001000","0","0","100","1","0","0","0","0","100","10070250","10070250","10070250","10070250","10070250","10070250"
"12200046","12200","펄션을 펄션(2)로","41001000","10020310","0","0","100","1","0","0","0","0","100","10020312","10020312","10020312","10020312","10020312","10020312"
"12200047","12200","시미터를 시미터(2)로","41002000","10020410","0","0","100","1","0","0","0","0","100","10020412","10020412","10020412","10020412","10020412","10020412"
"12200048","12200","철광석과 청동석을 방패로","41002000","41001000","0","0","100","1","0","0","0","0","100","10070250","10070250","10070250","10070250","10070250","10070250"
"12200049","12200","펄션을 펄션(2)로","41001000","10020310","0","0","100","1","0","0","0","0","100","10020312","10020312","10020312","10020312","10020312","10020312"
"12200050","12200","시미터를 시미터(2)로","41002000","10020410","0","0","100","1","0","0","0","0","100","10020412","10020412","10020412","10020412","10020412","10020412"
"12200051","12200","철광석과 청동석을 방패로","41002000","41001000","0","0","100","1","0","0","0","0","100","10070250","10070250","10070250","10070250","10070250","10070250"
"12200052","12200","펄션을 펄션(2)로","41001000","10020310","0","0","100","1","0","0","0","0","100","10020312","10020312","10020312","10020312","10020312","10020312"
"12200053","12200","시미터를 시미터(2)로","41002000","10020410","0","0","100","1","0","0","0","0","100","10020412","10020412","10020412","10020412","10020412","10020412"
"12200054","12200","철광석과 청동석을 방패로","41002000","41001000","0","0","100","1","0","0","0","0","100","10070250","10070250","10070250","10070250","10070250","10070250"
"12200055","12200","펄션을 펄션(2)로","41001000","10020310","0","0","100","1","0","0","0","0","100","10020312","10020312","10020312","10020312","10020312","10020312"
"12200056","12200","시미터를 시미터(2)로","41002000","10020410","0","0","100","1","0","0","0","0","100","10020412","10020412","10020412","10020412","10020412","10020412"
"12200057","12200","철광석과 청동석을 방패로","41002000","41001000","0","0","100","1","0","0","0","0","100","10070250","10070250","10070250","10070250","10070250","10070250"
"12200058","12200","펄션을 펄션(2)로","41001000","10020310","0","0","100","1","0","0","0","0","100","10020312","10020312","10020312","10020312","10020312","10020312"
"12200059","12200","시미터를 시미터(2)로","41002000","10020410","0","0","100","1","0","0","0","0","100","10020412","10020412","10020412","10020412","10020412","10020412"
"12200060","12200","철광석과 청동석을 방패로","41002000","41001000","0","0","100","1","0","0","0","0","100","10070250","10070250","10070250","10070250","10070250","10070250"
"12200061","12200","펄션을 펄션(2)로","41001000","10020310","0","0","100","1","0","0","0","0","100","10020312","10020312","10020312","10020312","10020312","10020312"
"12200062","12200","시미터를 시미터(2)로","41002000","10020410","0","0","100","1","0","0","0","0","100","10020412","10020412","10020412","10020412","10020412","10020412"
"12200063","12200","철광석과 청동석을 방패로","41002000","41001000","0","0","100","1","0","0","0","0","100","10070250","10070250","10070250","10070250","10070250","10070250"
"12200064","12200","펄션을 펄션(2)로","41001000","10020310","0","0","100","1","0","0","0","0","100","10020312","10020312","10020312","10020312","10020312","10020312"
"12200065","12200","시미터를 시미터(2)로","41002000","10020410","0","0","100","1","0","0","0","0","100","10020412","10020412","10020412","10020412","10020412","10020412"
"12200066","12200","철광석과 청동석을 방패로","41002000","41001000","0","0","100","1","0","0","0","0","100","10070250","10070250","10070250","10070250","10070250","10070250"
"12200067","12200","펄션을 펄션(2)로","41001000","10020310","0","0","100","1","0","0","0","0","100","10020312","10020312","10020312","10020312","10020312","10020312"
"12200068","12200","시미터를 시미터(2)로","41002000","10020410","0","0","100","1","0","0","0","0","100","10020412","10020412","10020412","10020412","10020412","10020412"
"12200069","12200","철광석과 청동석을 방패로","41002000","41001000","0","0","100","1","0","0","0","0","100","10070250","10070250","10070250","10070250","10070250","10070250"
"12200070","12200","펄션을 펄션(2)로","41001000","10020310","0","0","100","1","0","0","0","0","100","10020312","10020312","10020312","10020312","10020312","10020312"
"12200071","12200","시미터를 시미터(2)로","41002000","10020410","0","0","100","1","0","0","0","0","100","10020412","10020412","10020412","10020412","10020412","10020412"
"12200072","12200","철광석과 청동석을 방패로","41002000","41001000","0","0","100","1","0","0","0","0","100","10070250","10070250","10070250","10070250","10070250","10070250"
"12200073","12200","펄션을 펄션(2)로","41001000","10020310","0","0","100","1","0","0","0","0","100","10020312","10020312","10020312","10020312","10020312","10020312"
"12200074","12200","시미터를 시미터(2)로","41002000","10020410","0","0","100","1","0","0","0","0","100","10020412","10020412","10020412","10020412","10020412","10020412"
"12200075","12200","철광석과 청동석을 방패로","41002000","41001000","0","0","100","1","0","0","0","0","100","10070250","10070250","10070250","10070250","10070250","10070250"
"12200076","12200","펄션을 펄션(2)로","41001000","10020310","0","0","100","1","0","0","0","0","100","10020312","10020312","10020312","10020312","10020312","10020312"
"12200077","12200","시미터를 시미터(2)로","41002000","10020410","0","0","100","1","0","0","0","0","100","10020412","10020412","10020412","10020412","10020412","10020412"
"12200078","12200","철광석과 청동석을 방패로","41002000","41001000","0","0","100","1","0","0","0","0","100","10070250","10070250","10070250","10070250","10070250","10070250"
"12200079","12200","펄션을 펄션(2)로","41001000","10020310","0","0","100","1","0","0","0","0","100","10020312","10020312","10020312","10020312","10020312","10020312"
"12200080","12200","시미터를 시미터(2)로","41002000","10020410","0","0","100","1","0","0","0","0","100","10020412","10020412","10020412","10020412","10020412","10020412"
"12200081","12200","철광석과 청동석을 방패로","41002000","41001000","0","0","100","1","0","0","0","0","100","10070250","10070250","10070250","10070250","10070250","10070250"
"12200082","12200","펄션을 펄션(2)로","41001000","10020310","0","0","100","1","0","0","0","0","100","10020312","10020312","10020312","10020312","10020312","10020312"
"12200083","12200","시미터를 시미터(2)로","41002000","10020410","0","0","100","1","0","0","0","0","100","10020412","10020412","10020412","10020412","10020412","10020412"
"12200084","12200","철광석과 청동석을 방패로","41002000","41001000","0","0","100","1","0","0","0","0","100","10070250","10070250","10070250","10070250","10070250","10070250"
"12200085","12200","펄션을 펄션(2)로","41001000","10020310","0","0","100","1","0","0","0","0","100","10020312","10020312","10020312","10020312","10020312","10020312"
"12200086","12200","시미터를 시미터(2)로","41002000","10020410","0","0","100","1","0","0","0","0","100","10020412","10020412","10020412","10020412","10020412","10020412"
"12200087","12200","철광석과 청동석을 방패로","41002000","41001000","0","0","100","1","0","0","0","0","100","10070250","10070250","10070250","10070250","10070250","10070250"
"12200088","12200","펄션을 펄션(2)로","41001000","10020310","0","0","100","1","0","0","0","0","100","10020312","10020312","10020312","10020312","10020312","10020312"
"12200089","12200","시미터를 시미터(2)로","41002000","10020410","0","0","100","1","0","0","0","0","100","10020412","10020412","10020412","10020412","10020412","10020412"
"12200090","12200","철광석과 청동석을 방패로","41002000","41001000","0","0","100","1","0","0","0","0","100","10070250","10070250","10070250","10070250","10070250","10070250"
"12200091","12200","펄션을 펄션(2)로","41001000","10020310","0","0","100","1","0","0","0","0","100","10020312","10020312","10020312","10020312","10020312","10020312"
"12200092","12200","시미터를 시미터(2)로","41002000","10020410","0","0","100","1","0","0","0","0","100","10020412","10020412","10020412","10020412","10020412","10020412"
"12200093","12200","철광석과 청동석을 방패로","41002000","41001000","0","0","100","1","0","0","0","0","100","10070250","10070250","10070250","10070250","10070250","10070250"
"12200094","12200","펄션을 펄션(2)로","41001000","10020310","0","0","100","1","0","0","0","0","100","10020312","10020312","10020312","10020312","10020312","10020312"
"12200095","12200","시미터를 시미터(2)로","41002000","10020410","0","0","100","1","0","0","0","0","100","10020412","10020412","10020412","10020412","10020412","10020412"
"12200096","12200","철광석과 청동석을 방패로","41002000","41001000","0","0","100","1","0","0","0","0","100","10070250","10070250","10070250","10070250","10070250","10070250"
"12200097","12200","펄션을 펄션(2)로","41001000","10020310","0","0","100","1","0","0","0","0","100","10020312","10020312","10020312","10020312","10020312","10020312"
"12200098","12200","시미터를 시미터(2)로","41002000","10020410","0","0","100","1","0","0","0","0","100","10020412","10020412","10020412","10020412","10020412","10020412"
"12200099","12200","철광석과 청동석을 방패로","41002000","41001000","0","0","100","1","0","0","0","0","100","10070250","10070250","10070250","10070250","10070250","10070250"
"12200100","12200","펄션을 펄션(2)로","41001000","10020310","0","0","100","1","0","0","0","0","100","10020312","10020312","10020312","10020312","10020312","10020312"
"12200101","12200","시미터를 시미터(2)로","41002000","10020410","0","0","100","1","0","0","0","0","100","10020412","10020412","10020412","10020412","10020412","10020412"
"12200102","12200","철광석과 청동석을 방패로","41002000","41001000","0","0","100","1","0","0","0","0","100","10070250","10070250","10070250","10070250","10070250","10070250"
"12200103","12200","펄션을 펄션(2)로","41001000","10020310","0","0","100","1","0","0","0","0","100","10020312","10020312","10020312","10020312","10020312","10020312"
"12200104","12200","시미터를 시미터(2)로","41002000","10020410","0","0","100","1","0","0","0","0","100","10020412","10020412","10020412","10020412","10020412","10020412"
"12200105","12200","철광석과 청동석을 방패로","41002000","41001000","0","0","100","1","0","0","0","0","100","10070250","10070250","10070250","10070250","10070250","10070250"
"12200106","12200","펄션을 펄션(2)로","41001000","10020310","0","0","100","1","0","0","0","0","100","10020312","10020312","10020312","10020312","10020312","10020312"
"12200107","12200","시미터를 시미터(2)로","41002000","10020410","0","0","100","1","0","0","0","0","100","10020412","10020412","10020412","10020412","10020412","10020412"
"12200108","12200","철광석과 청동석을 방패로","41002000","41001000","0","0","100","1","0","0","0","0","100","10070250","10070250","10070250","10070250","10070250","10070250"
"12200109","12200","펄션을 펄션(2)로","41001000","10020310","0","0","100","1","0","0","0","0","100","10020312","10020312","10020312","10020312","10020312","10020312"
"12200110","12200","시미터를 시미터(2)로","41002000","10020410","0","0","100","1","0","0","0","0","100","10020412","10020412","10020412","10020412","10020412","10020412"
"12200111","12200","철광석과 청동석을 방패로","41002000","41001000","0","0","100","1","0","0","0","0","100","10070250","10070250","10070250","10070250","10070250","10070250"
"12200112","12200","펄션을 펄션(2)로","41001000","10020310","0","0","100","1","0","0","0","0","100","10020312","10020312","10020312","10020312","10020312","10020312"
"12200113","12200","시미터를 시미터(2)로","41002000","10020410","0","0","100","1","0","0","0","0","100","10020412","10020412","10020412","10020412","10020412","10020412"
"12200114","12200","철광석과 청동석을 방패로","41002000","41001000","0","0","100","1","0","0","0","0","100","10070250","10070250","10070250","10070250","10070250","10070250"
"12200115","12200","펄션을 펄션(2)로","41001000","10020310","0","0","100","1","0","0","0","0","100","10020312","10020312","10020312","10020312","10020312","10020312"
"12200116","12200","시미터를 시미터(2)로","41002000","10020410","0","0","100","1","0","0","0","0","100","10020412","10020412","10020412","10020412","10020412","10020412"
"12200117","12200","철광석과 청동석을 방패로","41002000","41001000","0","0","100","1","0","0","0","0","100","10070250","10070250","10070250","10070250","10070250","10070250"
"12200118","12200","펄션을 펄션(2)로","41001000","10020310","0","0","100","1","0","0","0","0","100","10020312","10020312","10020312","10020312","10020312","10020312"
"12200119","12200","시미터를 시미터(2)로","41002000","10020410","0","0","100","1","0","0","0","0","100","10020412","10020412","10020412","10020412","10020412","10020412"
"12200120","12200","철광석과 청동석을 방패로","41002000","41001000","0","0","100","1","0","0","0","0","100","10070250","10070250","10070250","10070250","10070250","10070250"
"12200121","12200","펄션을 펄션(2)로","41001000","10020310","0","0","100","1","0","0","0","0","100","10020312","10020312","10020312","10020312","10020312","10020312"
"12200122","12200","시미터를 시미터(2)로","41002000","10020410","0","0","100","1","0","0","0","0","100","10020412","10020412","10020412","10020412","10020412","10020412"
"12200123","12200","철광석과 청동석을 방패로","41002000","41001000","0","0","100","1","0","0","0","0","100","10070250","10070250","10070250","10070250","10070250","10070250"
"12200124","12200","펄션을 펄션(2)로","41001000","10020310","0","0","100","1","0","0","0","0","100","10020312","10020312","10020312","10020312","10020312","10020312"
"12200125","12200","시미터를 시미터(2)로","41002000","10020410","0","0","100","1","0","0","0","0","100","10020412","10020412","10020412","10020412","10020412","10020412"
"12200126","12200","철광석과 청동석을 방패로","41002000","41001000","0","0","100","1","0","0","0","0","100","10070250","10070250","10070250","10070250","10070250","10070250"
"22200001","22200","펄션과 철광석을 펄션(2)로","41001000","10020310","0","0","100","1","0","0","0","0","100","10020312","10020312","10020312","10020312","10020312","10020312"
"22200002","22200","시미터와 청동석을 시미터(2)로","41002000","10020410","0","0","100","1","0","0","0","0","100","10020412","10020412","10020412","10020412","10020412","10020412"
"22200003","22200","철광석과 청동석을 방패로","41002000","41001000","0","0","100","1","0","0","0","0","100","10070250","10070250","10070250","10070250","10070250","10070250"
"22200004","22200","펄션을 펄션(2)로","41001000","10020310","0","0","100","1","0","0","0","0","100","10020312","10020312","10020312","10020312","10020312","10020312"
"22200005","22200","시미터를 시미터(2)로","41002000","10020410","0","0","100","1","0","0","0","0","100","10020412","10020412","10020412","10020412","10020412","10020412"
"22200006","22200","철광석과 청동석을 방패로","41002000","41001000","0","0","100","1","0","0","0","0","100","10070250","10070250","10070250","10070250","10070250","10070250"
"22200007","22200","펄션과 철광석을 펄션(2)로","41001000","10020310","0","0","100","1","0","0","0","0","100","10020312","10020312","10020312","10020312","10020312","10020312"
"22200008","22200","시미터와 청동석을 시미터(2)로","41002000","10020410","0","0","100","1","0","0","0","0","100","10020412","10020412","10020412","10020412","10020412","10020412"
"22200009","22200","철광석과 청동석을 방패로","41002000","41001000","0","0","100","1","0","0","0","0","100","10070250","10070250","10070250","10070250","10070250","10070250"
"22200010","22200","펄션을 펄션(2)로","41001000","10020310","0","0","100","1","0","0","0","0","100","10020312","10020312","10020312","10020312","10020312","10020312"
"22200011","22200","시미터를 시미터(2)로","41002000","10020410","0","0","100","1","0","0","0","0","100","10020412","10020412","10020412","10020412","10020412","10020412"
"22200012","22200","철광석과 청동석을 방패로","41002000","41001000","0","0","100","1","0","0","0","0","100","10070250","10070250","10070250","10070250","10070250","10070250"
"22200013","22200","펄션과 철광석을 펄션(2)로","41001000","10020310","0","0","100","1","0","0","0","0","100","10020312","10020312","10020312","10020312","10020312","10020312"
"22200014","22200","시미터와 청동석을 시미터(2)로","41002000","10020410","0","0","100","1","0","0","0","0","100","10020412","10020412","10020412","10020412","10020412","10020412"
"22200015","22200","철광석과 청동석을 방패로","41002000","41001000","0","0","100","1","0","0","0","0","100","10070250","10070250","10070250","10070250","10070250","10070250"
"22200016","22200","펄션을 펄션(2)로","41001000","10020310","0","0","100","1","0","0","0","0","100","10020312","10020312","10020312","10020312","10020312","10020312"
"22200017","22200","시미터를 시미터(2)로","41002000","10020410","0","0","100","1","0","0","0","0","100","10020412","10020412","10020412","10020412","10020412","10020412"
"22200018","22200","철광석과 청동석을 방패로","41002000","41001000","0","0","100","1","0","0","0","0","100","10070250","10070250","10070250","10070250","10070250","10070250"
"22200019","22200","펄션과 철광석을 펄션(2)로","41001000","10020310","0","0","100","1","0","0","0","0","100","10020312","10020312","10020312","10020312","10020312","10020312"
"22200020","22200","시미터와 청동석을 시미터(2)로","41002000","10020410","0","0","100","1","0","0","0","0","100","10020412","10020412","10020412","10020412","10020412","10020412"
"22200021","22200","철광석과 청동석을 방패로","41002000","41001000","0","0","100","1","0","0","0","0","100","10070250","10070250","10070250","10070250","10070250","10070250"
"22200022","22200","펄션을 펄션(2)로","41001000","10020310","0","0","100","1","0","0","0","0","100","10020312","10020312","10020312","10020312","10020312","10020312"
"22200023","22200","시미터를 시미터(2)로","41002000","10020410","0","0","100","1","0","0","0","0","100","10020412","10020412","10020412","10020412","10020412","10020412"
"22200024","22200","철광석과 청동석을 방패로","41002000","41001000","0","0","100","1","0","0","0","0","100","10070250","10070250","10070250","10070250","10070250","10070250"
"22200025","22200","펄션과 철광석을 펄션(2)로","41001000","10020310","0","0","100","1","0","0","0","0","100","10020312","10020312","10020312","10020312","10020312","10020312"
"22200026","22200","시미터와 청동석을 시미터(2)로","41002000","10020410","0","0","100","1","0","0","0","0","100","10020412","10020412","10020412","10020412","10020412","10020412"
"22200027","22200","철광석과 청동석을 방패로","41002000","41001000","0","0","100","1","0","0","0","0","100","10070250","10070250","10070250","10070250","10070250","10070250"
"22200028","22200","펄션을 펄션(2)로","41001000","10020310","0","0","100","1","0","0","0","0","100","10020312","10020312","10020312","10020312","10020312","10020312"
"22200029","22200","시미터를 시미터(2)로","41002000","10020410","0","0","100","1","0","0","0","0","100","10020412","10020412","10020412","10020412","10020412","10020412"
"22200030","22200","철광석과 청동석을 방패로","41002000","41001000","0","0","100","1","0","0","0","0","100","10070250","10070250","10070250","10070250","10070250","10070250"
"22200031","22200","펄션과 철광석을 펄션(2)로","41001000","10020310","0","0","100","1","0","0","0","0","100","10020312","10020312","10020312","10020312","10020312","10020312"
"22200032","22200","시미터와 청동석을 시미터(2)로","41002000","10020410","0","0","100","1","0","0","0","0","100","10020412","10020412","10020412","10020412","10020412","10020412"
"22200033","22200","철광석과 청동석을 방패로","41002000","41001000","0","0","100","1","0","0","0","0","100","10070250","10070250","10070250","10070250","10070250","10070250"
"22200034","22200","펄션을 펄션(2)로","41001000","10020310","0","0","100","1","0","0","0","0","100","10020312","10020312","10020312","10020312","10020312","10020312"
"22200035","22200","시미터를 시미터(2)로","41002000","10020410","0","0","100","1","0","0","0","0","100","10020412","10020412","10020412","10020412","10020412","10020412"
"22200036","22200","철광석과 청동석을 방패로","41002000","41001000","0","0","100","1","0","0","0","0","100","10070250","10070250","10070250","10070250","10070250","10070250"
"22200037","22200","펄션과 철광석을 펄션(2)로","41001000","10020310","0","0","100","1","0","0","0","0","100","10020312","10020312","10020312","10020312","10020312","10020312"
"22200038","22200","시미터와 청동석을 시미터(2)로","41002000","10020410","0","0","100","1","0","0","0","0","100","10020412","10020412","10020412","10020412","10020412","10020412"
"22200039","22200","철광석과 청동석을 방패로","41002000","41001000","0","0","100","1","0","0","0","0","100","10070250","10070250","10070250","10070250","10070250","10070250"
"22200040","22200","펄션을 펄션(2)로","41001000","10020310","0","0","100","1","0","0","0","0","100","10020312","10020312","10020312","10020312","10020312","10020312"
"22200041","22200","시미터를 시미터(2)로","41002000","10020410","0","0","100","1","0","0","0","0","100","10020412","10020412","10020412","10020412","10020412","10020412"
"22200042","22200","철광석과 청동석을 방패로","41002000","41001000","0","0","100","1","0","0","0","0","100","10070250","10070250","10070250","10070250","10070250","10070250"
"22200043","22200","펄션과 철광석을 펄션(2)로","41001000","10020310","0","0","100","1","0","0","0","0","100","10020312","10020312","10020312","10020312","10020312","10020312"
"22200044","22200","시미터와 청동석을 시미터(2)로","41002000","10020410","0","0","100","1","0","0","0","0","100","10020412","10020412","10020412","10020412","10020412","10020412"
"22200045","22200","철광석과 청동석을 방패로","41002000","41001000","0","0","100","1","0","0","0","0","100","10070250","10070250","10070250","10070250","10070250","10070250"
"22200046","22200","펄션을 펄션(2)로","41001000","10020310","0","0","100","1","0","0","0","0","100","10020312","10020312","10020312","10020312","10020312","10020312"
"22200047","22200","시미터를 시미터(2)로","41002000","10020410","0","0","100","1","0","0","0","0","100","10020412","10020412","10020412","10020412","10020412","10020412"
"22200048","22200","철광석과 청동석을 방패로","41002000","41001000","0","0","100","1","0","0","0","0","100","10070250","10070250","10070250","10070250","10070250","10070250"
"22200049","22200","펄션과 철광석을 펄션(2)로","41001000","10020310","0","0","100","1","0","0","0","0","100","10020312","10020312","10020312","10020312","10020312","10020312"
"22200050","22200","시미터와 청동석을 시미터(2)로","41002000","10020410","0","0","100","1","0","0","0","0","100","10020412","10020412","10020412","10020412","10020412","10020412"
"22200051","22200","철광석과 청동석을 방패로","41002000","41001000","0","0","100","1","0","0","0","0","100","10070250","10070250","10070250","10070250","10070250","10070250"
"22200052","22200","펄션을 펄션(2)로","41001000","10020310","0","0","100","1","0","0","0","0","100","10020312","10020312","10020312","10020312","10020312","10020312"
"22200053","22200","시미터를 시미터(2)로","41002000","10020410","0","0","100","1","0","0","0","0","100","10020412","10020412","10020412","10020412","10020412","10020412"
"22200054","22200","철광석과 청동석을 방패로","41002000","41001000","0","0","100","1","0","0","0","0","100","10070250","10070250","10070250","10070250","10070250","10070250"
"22200055","22200","펄션과 철광석을 펄션(2)로","41001000","10020310","0","0","100","1","0","0","0","0","100","10020312","10020312","10020312","10020312","10020312","10020312"
"22200056","22200","시미터와 청동석을 시미터(2)로","41002000","10020410","0","0","100","1","0","0","0","0","100","10020412","10020412","10020412","10020412","10020412","10020412"
"22200057","22200","철광석과 청동석을 방패로","41002000","41001000","0","0","100","1","0","0","0","0","100","10070250","10070250","10070250","10070250","10070250","10070250"
"22200058","22200","펄션을 펄션(2)로","41001000","10020310","0","0","100","1","0","0","0","0","100","10020312","10020312","10020312","10020312","10020312","10020312"
"22200059","22200","시미터를 시미터(2)로","41002000","10020410","0","0","100","1","0","0","0","0","100","10020412","10020412","10020412","10020412","10020412","10020412"
"22200060","22200","철광석과 청동석을 방패로","41002000","41001000","0","0","100","1","0","0","0","0","100","10070250","10070250","10070250","10070250","10070250","10070250"
"22200061","22200","펄션과 철광석을 펄션(2)로","41001000","10020310","0","0","100","1","0","0","0","0","100","10020312","10020312","10020312","10020312","10020312","10020312"
"22200062","22200","시미터와 청동석을 시미터(2)로","41002000","10020410","0","0","100","1","0","0","0","0","100","10020412","10020412","10020412","10020412","10020412","10020412"
"22200063","22200","철광석과 청동석을 방패로","41002000","41001000","0","0","100","1","0","0","0","0","100","10070250","10070250","10070250","10070250","10070250","10070250"
"22200064","22200","펄션을 펄션(2)로","41001000","10020310","0","0","100","1","0","0","0","0","100","10020312","10020312","10020312","10020312","10020312","10020312"
"22200065","22200","시미터를 시미터(2)로","41002000","10020410","0","0","100","1","0","0","0","0","100","10020412","10020412","10020412","10020412","10020412","10020412"
"22200066","22200","철광석과 청동석을 방패로","41002000","41001000","0","0","100","1","0","0","0","0","100","10070250","10070250","10070250","10070250","10070250","10070250"
"22200067","22200","펄션과 철광석을 펄션(2)로","41001000","10020310","0","0","100","1","0","0","0","0","100","10020312","10020312","10020312","10020312","10020312","10020312"
"22200068","22200","시미터와 청동석을 시미터(2)로","41002000","10020410","0","0","100","1","0","0","0","0","100","10020412","10020412","10020412","10020412","10020412","10020412"
"22200069","22200","철광석과 청동석을 방패로","41002000","41001000","0","0","100","1","0","0","0","0","100","10070250","10070250","10070250","10070250","10070250","10070250"
"22200070","22200","펄션을 펄션(2)로","41001000","10020310","0","0","100","1","0","0","0","0","100","10020312","10020312","10020312","10020312","10020312","10020312"
"22200071","22200","시미터를 시미터(2)로","41002000","10020410","0","0","100","1","0","0","0","0","100","10020412","10020412","10020412","10020412","10020412","10020412"
"22200072","22200","철광석과 청동석을 방패로","41002000","41001000","0","0","100","1","0","0","0","0","100","10070250","10070250","10070250","10070250","10070250","10070250"
"22200073","22200","펄션과 철광석을 펄션(2)로","41001000","10020310","0","0","100","1","0","0","0","0","100","10020312","10020312","10020312","10020312","10020312","10020312"
"22200074","22200","시미터와 청동석을 시미터(2)로","41002000","10020410","0","0","100","1","0","0","0","0","100","10020412","10020412","10020412","10020412","10020412","10020412"
"22200075","22200","철광석과 청동석을 방패로","41002000","41001000","0","0","100","1","0","0","0","0","100","10070250","10070250","10070250","10070250","10070250","10070250"
"22200076","22200","펄션을 펄션(2)로","41001000","10020310","0","0","100","1","0","0","0","0","100","10020312","10020312","10020312","10020312","10020312","10020312"
"22200077","22200","시미터를 시미터(2)로","41002000","10020410","0","0","100","1","0","0","0","0","100","10020412","10020412","10020412","10020412","10020412","10020412"
"22200078","22200","철광석과 청동석을 방패로","41002000","41001000","0","0","100","1","0","0","0","0","100","10070250","10070250","10070250","10070250","10070250","10070250"
"22200079","22200","펄션과 철광석을 펄션(2)로","41001000","10020310","0","0","100","1","0","0","0","0","100","10020312","10020312","10020312","10020312","10020312","10020312"
"22200080","22200","시미터와 청동석을 시미터(2)로","41002000","10020410","0","0","100","1","0","0","0","0","100","10020412","10020412","10020412","10020412","10020412","10020412"
"22200081","22200","철광석과 청동석을 방패로","41002000","41001000","0","0","100","1","0","0","0","0","100","10070250","10070250","10070250","10070250","10070250","10070250"
"22200082","22200","펄션을 펄션(2)로","41001000","10020310","0","0","100","1","0","0","0","0","100","10020312","10020312","10020312","10020312","10020312","10020312"
"22200083","22200","시미터를 시미터(2)로","41002000","10020410","0","0","100","1","0","0","0","0","100","10020412","10020412","10020412","10020412","10020412","10020412"
"22200084","22200","철광석과 청동석을 방패로","41002000","41001000","0","0","100","1","0","0","0","0","100","10070250","10070250","10070250","10070250","10070250","10070250"
"22200085","22200","펄션과 철광석을 펄션(2)로","41001000","10020310","0","0","100","1","0","0","0","0","100","10020312","10020312","10020312","10020312","10020312","10020312"
"22200086","22200","시미터와 청동석을 시미터(2)로","41002000","10020410","0","0","100","1","0","0","0","0","100","10020412","10020412","10020412","10020412","10020412","10020412"
"22200087","22200","철광석과 청동석을 방패로","41002000","41001000","0","0","100","1","0","0","0","0","100","10070250","10070250","10070250","10070250","10070250","10070250"
"22200088","22200","펄션을 펄션(2)로","41001000","10020310","0","0","100","1","0","0","0","0","100","10020312","10020312","10020312","10020312","10020312","10020312"
"22200089","22200","시미터를 시미터(2)로","41002000","10020410","0","0","100","1","0","0","0","0","100","10020412","10020412","10020412","10020412","10020412","10020412"
"22200090","22200","철광석과 청동석을 방패로","41002000","41001000","0","0","100","1","0","0","0","0","100","10070250","10070250","10070250","10070250","10070250","10070250"
"22200091","22200","펄션과 철광석을 펄션(2)로","41001000","10020310","0","0","100","1","0","0","0","0","100","10020312","10020312","10020312","10020312","10020312","10020312"
"22200092","22200","시미터와 청동석을 시미터(2)로","41002000","10020410","0","0","100","1","0","0","0","0","100","10020412","10020412","10020412","10020412","10020412","10020412"
"22200093","22200","철광석과 청동석을 방패로","41002000","41001000","0","0","100","1","0","0","0","0","100","10070250","10070250","10070250","10070250","10070250","10070250"
"22200094","22200","펄션을 펄션(2)로","41001000","10020310","0","0","100","1","0","0","0","0","100","10020312","10020312","10020312","10020312","10020312","10020312"
"22200095","22200","시미터를 시미터(2)로","41002000","10020410","0","0","100","1","0","0","0","0","100","10020412","10020412","10020412","10020412","10020412","10020412"
"22200096","22200","철광석과 청동석을 방패로","41002000","41001000","0","0","100","1","0","0","0","0","100","10070250","10070250","10070250","10070250","10070250","10070250"
